{
  "images": [
    {
      "file_name": "b1.jpg",
      "height": 300,
      "id": 15,
      "width": 300
    },
    {
      "file_name": "b2.jpg",
      "height": 654,
      "id": 1,
      "width": 654
    },
    {
      "file_name": "b3.jpeg",
      "height": 500,
      "id": 2,
      "width": 877
    },
    {
      "file_name": "b4.jpg",
      "height": 800,
      "id": 3,
      "width": 531
    },
    {
      "file_name": "b5.jpg",
      "height": 800,
      "id": 4,
      "width": 531
    },
    {
      "file_name": "b6.jpg",
      "height": 600,
      "id": 5,
      "width": 400
    },
    {
      "file_name": "b7.jpg",
      "height": 360,
      "id": 6,
      "width": 640
    },
    {
      "file_name": "b8.jpg",
      "height": 485,
      "id": 7,
      "width": 728
    },
    {
      "file_name": "b9.jpg",
      "height": 986,
      "id": 8,
      "width": 1200
    },
    {
      "file_name": "b10.jpeg",
      "height": 1631,
      "id": 9,
      "width": 1213
    },
    {
      "file_name": "b11.jpg",
      "height": 830,
      "id": 10,
      "width": 640
    },
    {
      "file_name": "b12.jpg",
      "height": 683,
      "id": 11,
      "width": 1024
    },
    {
      "file_name": "b13.jpg",
      "height": 728,
      "id": 12,
      "width": 1091
    },
    {
      "file_name": "b14.jpg",
      "height": 667,
      "id": 13,
      "width": 1001
    },
    {
      "file_name": "b15.jpeg",
      "height": 275,
      "id": 14,
      "width": 183
    }
  ],
  "categories": [
    {
      "supercategory": "floatable",
      "id": 1,
      "name": "ballon"
    },
        {
      "supercategory": "non-floatable",
      "id": 2,
      "name": "brick"
    }
  ],
  "annotations": [
    {
      "segmentation": [
        [
          122,
          64,
          306,
          64,
          306,
          307,
          122,
          307
        ]
      ],
      "area": 44712,
      "iscrowd": 0,
      "image_id": 1,
      "bbox": [
        122,
        64,
        184,
        243
      ],
      "category_id": 1,
      "id": 1
    },
    {
      "segmentation": [
        [
          331,
          114,
          494,
          114,
          494,
          373,
          331,
          373
        ]
      ],
      "area": 42217,
      "iscrowd": 0,
      "image_id": 1,
      "bbox": [
        331,
        114,
        163,
        259
      ],
      "category_id": 1,
      "id": 2
    },
    {
      "segmentation": [
        [
          136,
          261,
          332,
          261,
          332,
          451,
          136,
          451
        ]
      ],
      "area": 37240,
      "iscrowd": 0,
      "image_id": 1,
      "bbox": [
        136,
        261,
        196,
        190
      ],
      "category_id": 1,
      "id": 3
    },
    {
      "segmentation": [
        [
          23,
          169,
          148,
          169,
          148,
          405,
          23,
          405
        ]
      ],
      "area": 29500,
      "iscrowd": 0,
      "image_id": 1,
      "bbox": [
        23,
        169,
        125,
        236
      ],
      "category_id": 1,
      "id": 4
    },
    {
      "segmentation": [
        [
          111,
          98,
          198,
          98,
          198,
          173,
          111,
          173
        ]
      ],
      "area": 6525,
      "iscrowd": 0,
      "image_id": 2,
      "bbox": [
        111,
        98,
        87,
        75
      ],
      "category_id": 1,
      "id": 5
    },
    {
      "segmentation": [
        [
          266,
          94,
          332,
          94,
          332,
          150,
          266,
          150
        ]
      ],
      "area": 3696,
      "iscrowd": 0,
      "image_id": 2,
      "bbox": [
        266,
        94,
        66,
        56
      ],
      "category_id": 1,
      "id": 6
    },
    {
      "segmentation": [
        [
          268,
          209,
          353,
          209,
          353,
          292,
          268,
          292
        ]
      ],
      "area": 7055,
      "iscrowd": 0,
      "image_id": 2,
      "bbox": [
        268,
        209,
        85,
        83
      ],
      "category_id": 1,
      "id": 7
    },
    {
      "segmentation": [
        [
          335,
          382,
          416,
          382,
          416,
          452,
          335,
          452
        ]
      ],
      "area": 5670,
      "iscrowd": 0,
      "image_id": 2,
      "bbox": [
        335,
        382,
        81,
        70
      ],
      "category_id": 1,
      "id": 8
    },
    {
      "segmentation": [
        [
          268,
          313,
          348,
          313,
          348,
          381,
          268,
          381
        ]
      ],
      "area": 5440,
      "iscrowd": 0,
      "image_id": 2,
      "bbox": [
        268,
        313,
        80,
        68
      ],
      "category_id": 1,
      "id": 9
    },
    {
      "segmentation": [
        [
          368,
          225,
          433,
          225,
          433,
          300,
          368,
          300
        ]
      ],
      "area": 4875,
      "iscrowd": 0,
      "image_id": 2,
      "bbox": [
        368,
        225,
        65,
        75
      ],
      "category_id": 1,
      "id": 10
    },
    {
      "segmentation": [
        [
          425,
          82,
          507,
          82,
          507,
          162,
          425,
          162
        ]
      ],
      "area": 6560,
      "iscrowd": 0,
      "image_id": 2,
      "bbox": [
        425,
        82,
        82,
        80
      ],
      "category_id": 1,
      "id": 11
    },
    {
      "segmentation": [
        [
          672,
          19,
          741,
          19,
          741,
          85,
          672,
          85
        ]
      ],
      "area": 4554,
      "iscrowd": 0,
      "image_id": 2,
      "bbox": [
        672,
        19,
        69,
        66
      ],
      "category_id": 1,
      "id": 12
    },
    {
      "segmentation": [
        [
          424,
          237,
          495,
          237,
          495,
          308,
          424,
          308
        ]
      ],
      "area": 5041,
      "iscrowd": 0,
      "image_id": 2,
      "bbox": [
        424,
        237,
        71,
        71
      ],
      "category_id": 1,
      "id": 13
    },
    {
      "segmentation": [
        [
          304,
          0,
          394,
          0,
          394,
          73,
          304,
          73
        ]
      ],
      "area": 6570,
      "iscrowd": 0,
      "image_id": 2,
      "bbox": [
        304,
        0,
        90,
        73
      ],
      "category_id": 1,
      "id": 14
    },
    {
      "segmentation": [
        [
          39,
          2,
          113,
          2,
          113,
          40,
          39,
          40
        ]
      ],
      "area": 2812,
      "iscrowd": 0,
      "image_id": 2,
      "bbox": [
        39,
        2,
        74,
        38
      ],
      "category_id": 1,
      "id": 15
    },
    {
      "segmentation": [
        [
          11,
          5,
          46,
          5,
          46,
          43,
          11,
          43
        ]
      ],
      "area": 1330,
      "iscrowd": 0,
      "image_id": 2,
      "bbox": [
        11,
        5,
        35,
        38
      ],
      "category_id": 1,
      "id": 16
    },
    {
      "segmentation": [
        [
          476,
          48,
          529,
          48,
          529,
          118,
          476,
          118
        ]
      ],
      "area": 3710,
      "iscrowd": 0,
      "image_id": 2,
      "bbox": [
        476,
        48,
        53,
        70
      ],
      "category_id": 1,
      "id": 17
    },
    {
      "segmentation": [
        [
          326,
          122,
          499,
          122,
          499,
          346,
          326,
          346
        ]
      ],
      "area": 38752,
      "iscrowd": 0,
      "image_id": 3,
      "bbox": [
        326,
        122,
        173,
        224
      ],
      "category_id": 1,
      "id": 18
    },
    {
      "segmentation": [
        [
          69,
          125,
          249,
          125,
          249,
          355,
          69,
          355
        ]
      ],
      "area": 41400,
      "iscrowd": 0,
      "image_id": 4,
      "bbox": [
        69,
        125,
        180,
        230
      ],
      "category_id": 1,
      "id": 19
    },
    {
      "segmentation": [
        [
          61,
          125,
          129,
          125,
          129,
          185,
          61,
          185
        ]
      ],
      "area": 4080,
      "iscrowd": 0,
      "image_id": 5,
      "bbox": [
        61,
        125,
        68,
        60
      ],
      "category_id": 1,
      "id": 20
    },
    {
      "segmentation": [
        [
          56,
          204,
          118,
          204,
          118,
          260,
          56,
          260
        ]
      ],
      "area": 3472,
      "iscrowd": 0,
      "image_id": 5,
      "bbox": [
        56,
        204,
        62,
        56
      ],
      "category_id": 1,
      "id": 21
    },
    {
      "segmentation": [
        [
          166,
          167,
          221,
          167,
          221,
          212,
          166,
          212
        ]
      ],
      "area": 2475,
      "iscrowd": 0,
      "image_id": 5,
      "bbox": [
        166,
        167,
        55,
        45
      ],
      "category_id": 1,
      "id": 22
    },
    {
      "segmentation": [
        [
          116,
          51,
          167,
          51,
          167,
          115,
          116,
          115
        ]
      ],
      "area": 3264,
      "iscrowd": 0,
      "image_id": 5,
      "bbox": [
        116,
        51,
        51,
        64
      ],
      "category_id": 1,
      "id": 23
    },
    {
      "segmentation": [
        [
          144,
          115,
          200,
          115,
          200,
          146,
          144,
          146
        ]
      ],
      "area": 1736,
      "iscrowd": 0,
      "image_id": 5,
      "bbox": [
        144,
        115,
        56,
        31
      ],
      "category_id": 1,
      "id": 24
    },
    {
      "segmentation": [
        [
          82,
          91,
          130,
          91,
          130,
          131,
          82,
          131
        ]
      ],
      "area": 1920,
      "iscrowd": 0,
      "image_id": 5,
      "bbox": [
        82,
        91,
        48,
        40
      ],
      "category_id": 1,
      "id": 25
    },
    {
      "segmentation": [
        [
          116,
          182,
          162,
          182,
          162,
          239,
          116,
          239
        ]
      ],
      "area": 2622,
      "iscrowd": 0,
      "image_id": 5,
      "bbox": [
        116,
        182,
        46,
        57
      ],
      "category_id": 1,
      "id": 26
    },
    {
      "segmentation": [
        [
          42,
          173,
          118,
          173,
          118,
          207,
          42,
          207
        ]
      ],
      "area": 2584,
      "iscrowd": 0,
      "image_id": 5,
      "bbox": [
        42,
        173,
        76,
        34
      ],
      "category_id": 1,
      "id": 27
    },
    {
      "segmentation": [
        [
          111,
          121,
          161,
          121,
          161,
          185,
          111,
          185
        ]
      ],
      "area": 3200,
      "iscrowd": 0,
      "image_id": 5,
      "bbox": [
        111,
        121,
        50,
        64
      ],
      "category_id": 1,
      "id": 28
    },
    {
      "segmentation": [
        [
          81,
          148,
          252,
          148,
          252,
          316,
          81,
          316
        ]
      ],
      "area": 28728,
      "iscrowd": 0,
      "image_id": 6,
      "bbox": [
        81,
        148,
        171,
        168
      ],
      "category_id": 1,
      "id": 29
    },
    {
      "segmentation": [
        [
          286,
          183,
          435,
          183,
          435,
          324,
          286,
          324
        ]
      ],
      "area": 21009,
      "iscrowd": 0,
      "image_id": 6,
      "bbox": [
        286,
        183,
        149,
        141
      ],
      "category_id": 1,
      "id": 30
    },
    {
      "segmentation": [
        [
          322,
          6,
          507,
          6,
          507,
          182,
          322,
          182
        ]
      ],
      "area": 32560,
      "iscrowd": 0,
      "image_id": 6,
      "bbox": [
        322,
        6,
        185,
        176
      ],
      "category_id": 1,
      "id": 31
    },
    {
      "segmentation": [
        [
          403,
          171,
          457,
          171,
          457,
          209,
          403,
          209
        ]
      ],
      "area": 2052,
      "iscrowd": 0,
      "image_id": 6,
      "bbox": [
        403,
        171,
        54,
        38
      ],
      "category_id": 1,
      "id": 32
    },
    {
      "segmentation": [
        [
          210,
          57,
          340,
          57,
          340,
          215,
          210,
          215
        ]
      ],
      "area": 20540,
      "iscrowd": 0,
      "image_id": 6,
      "bbox": [
        210,
        57,
        130,
        158
      ],
      "category_id": 1,
      "id": 33
    },
    {
      "segmentation": [
        [
          91,
          3,
          261,
          3,
          261,
          131,
          91,
          131
        ]
      ],
      "area": 21760,
      "iscrowd": 0,
      "image_id": 6,
      "bbox": [
        91,
        3,
        170,
        128
      ],
      "category_id": 1,
      "id": 34
    },
    {
      "segmentation": [
        [
          258,
          -4,
          398,
          -4,
          398,
          68,
          258,
          68
        ]
      ],
      "area": 10080,
      "iscrowd": 0,
      "image_id": 6,
      "bbox": [
        258,
        -4,
        140,
        72
      ],
      "category_id": 1,
      "id": 35
    },
    {
      "segmentation": [
        [
          212,
          190,
          329,
          190,
          329,
          306,
          212,
          306
        ]
      ],
      "area": 13572,
      "iscrowd": 0,
      "image_id": 7,
      "bbox": [
        212,
        190,
        117,
        116
      ],
      "category_id": 1,
      "id": 36
    },
    {
      "segmentation": [
        [
          267,
          97,
          383,
          97,
          383,
          211,
          267,
          211
        ]
      ],
      "area": 13224,
      "iscrowd": 0,
      "image_id": 7,
      "bbox": [
        267,
        97,
        116,
        114
      ],
      "category_id": 1,
      "id": 37
    },
    {
      "segmentation": [
        [
          669,
          113,
          800,
          113,
          800,
          254,
          669,
          254
        ]
      ],
      "area": 18471,
      "iscrowd": 0,
      "image_id": 8,
      "bbox": [
        669,
        113,
        131,
        141
      ],
      "category_id": 1,
      "id": 38
    },
    {
      "segmentation": [
        [
          687,
          109,
          1049,
          109,
          1049,
          563,
          687,
          563
        ]
      ],
      "area": 164348,
      "iscrowd": 0,
      "image_id": 9,
      "bbox": [
        687,
        109,
        362,
        454
      ],
      "category_id": 1,
      "id": 39
    },
    {
      "segmentation": [
        [
          290,
          26,
          463,
          26,
          463,
          280,
          290,
          280
        ]
      ],
      "area": 43942,
      "iscrowd": 0,
      "image_id": 10,
      "bbox": [
        290,
        26,
        173,
        254
      ],
      "category_id": 1,
      "id": 40
    },
    {
      "segmentation": [
        [
          380,
          153,
          526,
          153,
          526,
          336,
          380,
          336
        ]
      ],
      "area": 26718,
      "iscrowd": 0,
      "image_id": 10,
      "bbox": [
        380,
        153,
        146,
        183
      ],
      "category_id": 1,
      "id": 41
    },
    {
      "segmentation": [
        [
          215,
          110,
          357,
          110,
          357,
          303,
          215,
          303
        ]
      ],
      "area": 27406,
      "iscrowd": 0,
      "image_id": 10,
      "bbox": [
        215,
        110,
        142,
        193
      ],
      "category_id": 1,
      "id": 42
    },
    {
      "segmentation": [
        [
          324,
          207,
          420,
          207,
          420,
          304,
          324,
          304
        ]
      ],
      "area": 9312,
      "iscrowd": 0,
      "image_id": 11,
      "bbox": [
        324,
        207,
        96,
        97
      ],
      "category_id": 1,
      "id": 43
    },
    {
      "segmentation": [
        [
          424,
          175,
          520,
          175,
          520,
          256,
          424,
          256
        ]
      ],
      "area": 7776,
      "iscrowd": 0,
      "image_id": 11,
      "bbox": [
        424,
        175,
        96,
        81
      ],
      "category_id": 1,
      "id": 44
    },
    {
      "segmentation": [
        [
          441,
          45,
          534,
          45,
          534,
          168,
          441,
          168
        ]
      ],
      "area": 11439,
      "iscrowd": 0,
      "image_id": 11,
      "bbox": [
        441,
        45,
        93,
        123
      ],
      "category_id": 1,
      "id": 45
    },
    {
      "segmentation": [
        [
          214,
          128,
          273,
          128,
          273,
          242,
          214,
          242
        ]
      ],
      "area": 6726,
      "iscrowd": 0,
      "image_id": 12,
      "bbox": [
        214,
        128,
        59,
        114
      ],
      "category_id": 1,
      "id": 46
    },
    {
      "segmentation": [
        [
          380,
          218,
          466,
          218,
          466,
          299,
          380,
          299
        ]
      ],
      "area": 6966,
      "iscrowd": 0,
      "image_id": 12,
      "bbox": [
        380,
        218,
        86,
        81
      ],
      "category_id": 1,
      "id": 47
    },
    {
      "segmentation": [
        [
          281,
          162,
          344,
          162,
          344,
          259,
          281,
          259
        ]
      ],
      "area": 6111,
      "iscrowd": 0,
      "image_id": 12,
      "bbox": [
        281,
        162,
        63,
        97
      ],
      "category_id": 1,
      "id": 48
    },
    {
      "segmentation": [
        [
          342,
          141,
          409,
          141,
          409,
          251,
          342,
          251
        ]
      ],
      "area": 7370,
      "iscrowd": 0,
      "image_id": 12,
      "bbox": [
        342,
        141,
        67,
        110
      ],
      "category_id": 1,
      "id": 49
    },
    {
      "segmentation": [
        [
          305,
          393,
          398,
          393,
          398,
          472,
          305,
          472
        ]
      ],
      "area": 7347,
      "iscrowd": 0,
      "image_id": 13,
      "bbox": [
        305,
        393,
        93,
        79
      ],
      "category_id": 1,
      "id": 50
    },
    {
      "segmentation": [
        [
          428,
          439,
          564,
          439,
          564,
          606,
          428,
          606
        ]
      ],
      "area": 22712,
      "iscrowd": 0,
      "image_id": 13,
      "bbox": [
        428,
        439,
        136,
        167
      ],
      "category_id": 1,
      "id": 51
    },
    {
      "segmentation": [
        [
          840,
          448,
          916,
          448,
          916,
          538,
          840,
          538
        ]
      ],
      "area": 6840,
      "iscrowd": 0,
      "image_id": 13,
      "bbox": [
        840,
        448,
        76,
        90
      ],
      "category_id": 1,
      "id": 52
    },
    {
      "segmentation": [
        [
          71,
          85,
          89,
          85,
          89,
          111,
          71,
          111
        ]
      ],
      "area": 468,
      "iscrowd": 0,
      "image_id": 14,
      "bbox": [
        71,
        85,
        18,
        26
      ],
      "category_id": 1,
      "id": 53
    },
    {
      "segmentation": [
        [
          72,
          113,
          97,
          113,
          97,
          134,
          72,
          134
        ]
      ],
      "area": 525,
      "iscrowd": 0,
      "image_id": 14,
      "bbox": [
        72,
        113,
        25,
        21
      ],
      "category_id": 1,
      "id": 54
    },
    {
      "segmentation": [
        [
          94,
          90,
          116,
          90,
          116,
          116,
          94,
          116
        ]
      ],
      "area": 572,
      "iscrowd": 0,
      "image_id": 14,
      "bbox": [
        94,
        90,
        22,
        26
      ],
      "category_id": 1,
      "id": 55
    },
    {
      "segmentation": [
        [
          31,
          1,
          113,
          1,
          113,
          73,
          31,
          73
        ]
      ],
      "area": 5904,
      "iscrowd": 0,
      "image_id": 15,
      "bbox": [
        31,
        1,
        82,
        72
      ],
      "category_id": 1,
      "id": 56
    },
    {
      "segmentation": [
        [
          192,
          29,
          252,
          29,
          252,
          87,
          192,
          87
        ]
      ],
      "area": 3480,
      "iscrowd": 0,
      "image_id": 15,
      "bbox": [
        192,
        29,
        60,
        58
      ],
      "category_id": 1,
      "id": 57
    },
    {
      "segmentation": [
        [
          218,
          92,
          270,
          92,
          270,
          159,
          218,
          159
        ]
      ],
      "area": 3484,
      "iscrowd": 0,
      "image_id": 15,
      "bbox": [
        218,
        92,
        52,
        67
      ],
      "category_id": 1,
      "id": 58
    },
    {
      "segmentation": [
        [
          157,
          79,
          215,
          79,
          215,
          152,
          157,
          152
        ]
      ],
      "area": 4234,
      "iscrowd": 0,
      "image_id": 15,
      "bbox": [
        157,
        79,
        58,
        73
      ],
      "category_id": 1,
      "id": 59
    },
    {
      "segmentation": [
        [
          201,
          159,
          265,
          159,
          265,
          234,
          201,
          234
        ]
      ],
      "area": 4800,
      "iscrowd": 0,
      "image_id": 15,
      "bbox": [
        201,
        159,
        64,
        75
      ],
      "category_id": 1,
      "id": 60
    },
    {
      "segmentation": [
        [
          154,
          141,
          213,
          141,
          213,
          201,
          154,
          201
        ]
      ],
      "area": 3540,
      "iscrowd": 0,
      "image_id": 15,
      "bbox": [
        154,
        141,
        59,
        60
      ],
      "category_id": 1,
      "id": 61
    },
    {
      "segmentation": [
        [
          111,
          169,
          179,
          169,
          179,
          245,
          111,
          245
        ]
      ],
      "area": 5168,
      "iscrowd": 0,
      "image_id": 15,
      "bbox": [
        111,
        169,
        68,
        76
      ],
      "category_id": 1,
      "id": 62
    },
    {
      "segmentation": [
        [
          50,
          159,
          111,
          159,
          111,
          234,
          50,
          234
        ]
      ],
      "area": 4575,
      "iscrowd": 0,
      "image_id": 15,
      "bbox": [
        50,
        159,
        61,
        75
      ],
      "category_id": 1,
      "id": 63
    },
    {
      "segmentation": [
        [
          23,
          201,
          86,
          201,
          86,
          266,
          23,
          266
        ]
      ],
      "area": 4095,
      "iscrowd": 0,
      "image_id": 15,
      "bbox": [
        23,
        201,
        63,
        65
      ],
      "category_id": 1,
      "id": 64
    },
    {
      "segmentation": [
        [
          101,
          96,
          165,
          96,
          165,
          160,
          101,
          160
        ]
      ],
      "area": 4096,
      "iscrowd": 0,
      "image_id": 15,
      "bbox": [
        101,
        96,
        64,
        64
      ],
      "category_id": 1,
      "id": 65
    },
    {
      "segmentation": [
        [
          70,
          99,
          134,
          99,
          134,
          174,
          70,
          174
        ]
      ],
      "area": 4800,
      "iscrowd": 0,
      "image_id": 15,
      "bbox": [
        70,
        99,
        64,
        75
      ],
      "category_id": 1,
      "id": 66
    },
    {
      "segmentation": [
        [
          27,
          94,
          83,
          94,
          83,
          156,
          27,
          156
        ]
      ],
      "area": 3472,
      "iscrowd": 0,
      "image_id": 15,
      "bbox": [
        27,
        94,
        56,
        62
      ],
      "category_id": 1,
      "id": 67
    }
  ]
}